State,Target Index,X Position,Y Position,Time
1,0,540.0,400.0,5.020284652709961
1,0,540.0,400.0,5.036504745483398
1,0,540.0,400.0,5.053856134414673
1,0,540.0,400.0,5.070825099945068
1,0,540.0,400.0,5.087793350219727
1,0,540.0,400.0,5.105865955352783
1,0,540.0,400.0,5.121132850646973
1,0,540.0,400.0,5.13873028755188
1,0,540.0,400.0,5.155645847320557
1,0,540.0,400.0,5.171706199645996
1,0,540.0,400.0,5.189039707183838
1,0,540.0,400.0,5.205748081207275
1,0,540.0,400.0,5.223024129867554
1,0,540.0,400.0,5.239575386047363
1,0,540.0,400.0,5.25572943687439
1,0,540.0,400.0,5.2724525928497314
1,0,540.0,400.0,5.288084268569946
1,0,540.0,400.0,5.305729627609253
1,0,540.0,400.0,5.321470499038696
1,0,540.0,400.0,5.337852478027344
1,0,540.0,400.0,5.35575795173645
1,0,540.0,400.0,5.3711981773376465
1,0,540.0,400.0,5.38732647895813
1,0,540.0,400.0,5.4031713008880615
1,0,540.0,400.0,5.419110298156738
1,0,540.0,400.0,5.435957193374634
1,0,540.0,400.0,5.452009201049805
1,0,540.0,400.0,5.468817949295044
1,0,540.0,400.0,5.485202074050903
1,0,540.0,400.0,5.501144647598267
1,0,540.0,400.0,5.517853498458862
1,0,540.0,400.0,5.533779144287109
1,0,540.0,400.0,5.551147937774658
1,0,540.0,400.0,5.5671422481536865
1,0,540.0,400.0,5.585035085678101
1,0,540.0,400.0,5.60083270072937
1,0,540.0,400.0,5.618635892868042
1,0,540.0,400.0,5.634158611297607
1,0,540.0,400.0,5.6511547565460205
1,0,540.0,400.0,5.667022943496704
1,0,540.0,400.0,5.6838109493255615
1,0,540.0,400.0,5.700525283813477
1,0,540.0,400.0,5.716605186462402
1,0,540.0,400.0,5.731936454772949
1,0,540.0,400.0,5.748831272125244
1,0,540.0,400.0,5.766121864318848
1,0,540.0,400.0,5.782147169113159
1,0,540.0,400.0,5.797819137573242
1,0,540.0,400.0,5.8143463134765625
1,0,540.0,400.0,5.829868793487549
1,0,540.0,400.0,5.8463826179504395
1,0,540.0,400.0,5.86217474937439
1,0,540.0,400.0,5.878723382949829
1,0,540.0,400.0,5.896047353744507
1,0,540.0,400.0,5.912368059158325
1,0,540.0,400.0,5.9281792640686035
1,0,540.0,400.0,5.943878650665283
1,0,540.0,400.0,5.960667133331299
1,0,540.0,400.0,5.977635860443115
1,0,540.0,400.0,5.993188381195068
1,0,540.0,400.0,6.009864807128906
1,0,540.0,400.0,6.027354717254639
1,0,540.0,400.0,6.043070554733276
1,0,540.0,400.0,6.059676647186279
1,0,540.0,400.0,6.076122760772705
1,0,540.0,400.0,6.092787027359009
1,0,540.0,400.0,6.109389543533325
1,0,540.0,400.0,6.125812292098999
1,0,540.0,400.0,6.141353607177734
1,0,540.0,400.0,6.15694260597229
1,0,540.0,400.0,6.174355506896973
1,0,540.0,400.0,6.189917802810669
1,0,540.0,400.0,6.206836462020874
1,0,540.0,400.0,6.224478006362915
1,0,540.0,400.0,6.240522623062134
1,0,540.0,400.0,6.256880044937134
1,0,540.0,400.0,6.274166584014893
1,0,540.0,400.0,6.291505575180054
1,0,540.0,400.0,6.306994438171387
1,0,540.0,400.0,6.324245452880859
1,0,540.0,400.0,6.340768337249756
1,0,540.0,400.0,6.357366561889648
1,0,540.0,400.0,6.373072624206543
1,0,540.0,400.0,6.389629602432251
1,0,540.0,400.0,6.406838655471802
1,0,540.0,400.0,6.423429012298584
1,0,540.0,400.0,6.438965082168579
1,0,540.0,400.0,6.456308603286743
1,0,540.0,400.0,6.471991539001465
1,0,540.0,400.0,6.488726377487183
1,0,540.0,400.0,6.505727291107178
1,0,540.0,400.0,6.522698879241943
1,0,540.0,400.0,6.539301156997681
1,0,540.0,400.0,6.555593252182007
1,0,540.0,400.0,6.570944309234619
1,0,540.0,400.0,6.5879504680633545
1,0,540.0,400.0,6.60521936416626
1,0,540.0,400.0,6.622142553329468
1,0,540.0,400.0,6.638713359832764
1,0,540.0,400.0,6.656324625015259
1,0,540.0,400.0,6.6719746589660645
1,0,540.0,400.0,6.688494443893433
1,0,540.0,400.0,6.704018592834473
1,0,540.0,400.0,6.720736026763916
1,0,540.0,400.0,6.7381298542022705
1,0,540.0,400.0,6.754238128662109
1,0,540.0,400.0,6.770049571990967
1,0,540.0,400.0,6.786064386367798
1,0,540.0,400.0,6.802109956741333
1,0,540.0,400.0,6.820106267929077
1,0,540.0,400.0,6.8356170654296875
1,0,540.0,400.0,6.851633787155151
1,0,540.0,400.0,6.868853330612183
1,0,540.0,400.0,6.885239124298096
1,0,540.0,400.0,6.901260614395142
1,0,540.0,400.0,6.918055295944214
1,0,540.0,400.0,6.933697462081909
1,0,540.0,400.0,6.9503560066223145
1,0,540.0,400.0,6.966327428817749
1,0,540.0,400.0,6.982335090637207
1,0,540.0,400.0,6.99807071685791
1,0,540.0,400.0,7.015143871307373
1,0,540.0,400.0,7.030364751815796
1,0,540.0,400.0,7.046140670776367
1,0,540.0,400.0,7.062164306640625
1,0,540.0,400.0,7.078707218170166
1,0,540.0,400.0,7.0959532260894775
1,0,540.0,400.0,7.111268043518066
1,0,540.0,400.0,7.1271278858184814
1,0,540.0,400.0,7.143669366836548
1,0,540.0,400.0,7.161164283752441
1,0,540.0,400.0,7.1776955127716064
1,0,540.0,400.0,7.194290399551392
1,0,540.0,400.0,7.210229873657227
1,0,540.0,400.0,7.226125955581665
1,0,540.0,400.0,7.242216110229492
1,0,540.0,400.0,7.258270263671875
1,0,540.0,400.0,7.275457382202148
1,0,540.0,400.0,7.2917914390563965
1,0,540.0,400.0,7.306820869445801
1,0,540.0,400.0,7.323635101318359
1,0,540.0,400.0,7.339961767196655
1,0,540.0,400.0,7.356418609619141
1,0,540.0,400.0,7.371995687484741
1,0,540.0,400.0,7.388598442077637
1,0,540.0,400.0,7.40423846244812
1,0,540.0,400.0,7.420738697052002
1,0,540.0,400.0,7.43810510635376
1,0,540.0,400.0,7.455612897872925
1,0,540.0,400.0,7.470991373062134
1,0,540.0,400.0,7.487614154815674
1,0,540.0,400.0,7.504345893859863
1,0,540.0,400.0,7.521216630935669
1,0,540.0,400.0,7.537092447280884
1,0,540.0,400.0,7.553154945373535
1,0,540.0,400.0,7.569012880325317
1,0,540.0,400.0,7.585452556610107
1,0,540.0,400.0,7.601372003555298
1,0,540.0,400.0,7.617510080337524
1,0,540.0,400.0,7.633695602416992
1,0,540.0,400.0,7.6512157917022705
1,0,540.0,400.0,7.667173385620117
1,0,540.0,400.0,7.683663606643677
1,0,540.0,400.0,7.700355768203735
1,0,540.0,400.0,7.716180086135864
1,0,540.0,400.0,7.732985019683838
1,0,540.0,400.0,7.749250650405884
1,0,540.0,400.0,7.765146493911743
1,0,540.0,400.0,7.780896902084351
1,0,540.0,400.0,7.797572374343872
1,0,540.0,400.0,7.813376426696777
1,0,540.0,400.0,7.829171657562256
1,0,540.0,400.0,7.8453896045684814
1,0,540.0,400.0,7.861208915710449
1,0,540.0,400.0,7.877474546432495
1,0,540.0,400.0,7.893255949020386
1,0,540.0,400.0,7.909181594848633
1,0,540.0,400.0,7.9254279136657715
1,0,540.0,400.0,7.940816402435303
1,0,540.0,400.0,7.95828652381897
1,0,540.0,400.0,7.973827600479126
1,0,540.0,400.0,7.990331172943115
1,0,540.0,400.0,8.006242275238037
1,0,540.0,400.0,8.022051572799683
1,0,540.0,400.0,8.038584470748901
1,0,540.0,400.0,8.05426025390625
1,0,540.0,400.0,8.070941925048828
1,0,540.0,400.0,8.087984800338745
1,0,540.0,400.0,8.105598449707031
1,0,540.0,400.0,8.121078729629517
1,0,540.0,400.0,8.137369155883789
1,0,540.0,400.0,8.153132438659668
1,0,540.0,400.0,8.168860673904419
1,0,540.0,400.0,8.18615460395813
1,0,540.0,400.0,8.203102111816406
1,0,540.0,400.0,8.219732999801636
1,0,540.0,400.0,8.236506462097168
1,0,540.0,400.0,8.252284288406372
1,0,540.0,400.0,8.26805567741394
1,0,540.0,400.0,8.28381061553955
1,0,540.0,400.0,8.30065369606018
1,0,540.0,400.0,8.318018198013306
1,0,540.0,400.0,8.334956169128418
1,0,540.0,400.0,8.351152896881104
1,0,540.0,400.0,8.36786699295044
1,0,540.0,400.0,8.384170293807983
1,0,540.0,400.0,8.400460720062256
1,0,540.0,400.0,8.416065454483032
1,0,540.0,400.0,8.432077884674072
1,0,540.0,400.0,8.44863224029541
1,0,540.0,400.0,8.464167356491089
1,0,540.0,400.0,8.48097848892212
1,0,540.0,400.0,8.497512578964233
1,0,540.0,400.0,8.513295888900757
1,0,540.0,400.0,8.528895854949951
1,0,540.0,400.0,8.546066999435425
1,0,540.0,400.0,8.562112808227539
1,0,540.0,400.0,8.578686237335205
1,0,540.0,400.0,8.596097946166992
1,0,540.0,400.0,8.612403631210327
1,0,540.0,400.0,8.627968072891235
1,0,540.0,400.0,8.64513087272644
1,0,540.0,400.0,8.660926580429077
1,0,540.0,400.0,8.677495241165161
1,0,540.0,400.0,8.693059206008911
1,0,540.0,400.0,8.710190057754517
1,0,540.0,400.0,8.72672986984253
1,0,540.0,400.0,8.743588924407959
1,0,540.0,400.0,8.759128332138062
1,0,540.0,400.0,8.776177406311035
1,0,540.0,400.0,8.791870594024658
1,0,540.0,400.0,8.808544397354126
1,0,540.0,400.0,8.824199914932251
1,0,540.0,400.0,8.839882612228394
1,0,540.0,400.0,8.856364727020264
1,0,540.0,400.0,8.872212648391724
1,0,540.0,400.0,8.888429164886475
1,0,540.0,400.0,8.904274463653564
1,0,540.0,400.0,8.920941591262817
1,0,540.0,400.0,8.938642740249634
1,0,540.0,400.0,8.954201221466064
1,0,540.0,400.0,8.970363140106201
1,0,540.0,400.0,8.986016511917114
1,0,540.0,400.0,9.002545356750488
1,0,540.0,400.0,9.017807483673096
1,0,540.0,400.0,9.034072875976562
1,0,540.0,400.0,9.050703287124634
1,0,540.0,400.0,9.067569255828857
1,0,540.0,400.0,9.083739757537842
1,0,540.0,400.0,9.10055923461914
1,0,540.0,400.0,9.11818265914917
1,0,540.0,400.0,9.134077787399292
1,0,540.0,400.0,9.150977373123169
1,0,540.0,400.0,9.167195796966553
1,0,540.0,400.0,9.185113191604614
1,0,540.0,400.0,9.20153546333313
1,0,540.0,400.0,9.218044757843018
1,0,540.0,400.0,9.235715389251709
1,0,540.0,400.0,9.251243352890015
1,0,540.0,400.0,9.267332553863525
1,0,540.0,400.0,9.282816886901855
1,0,540.0,400.0,9.300166130065918
1,0,540.0,400.0,9.316091060638428
1,0,540.0,400.0,9.331997632980347
1,0,540.0,400.0,9.348584175109863
1,0,540.0,400.0,9.36412501335144
1,0,540.0,400.0,9.380931377410889
1,0,540.0,400.0,9.397382974624634
1,0,540.0,400.0,9.412889003753662
1,0,540.0,400.0,9.429818153381348
1,0,540.0,400.0,9.446176767349243
1,0,540.0,400.0,9.463237047195435
1,0,540.0,400.0,9.47975492477417
1,0,540.0,400.0,9.502151250839233
1,0,540.0,400.0,9.518836975097656
1,0,540.0,400.0,9.535787105560303
1,0,540.0,400.0,9.551245212554932
1,0,540.0,400.0,9.567259073257446
1,0,540.0,400.0,9.583126544952393
1,0,540.0,400.0,9.599164724349976
1,0,540.0,400.0,9.6154146194458
1,0,540.0,400.0,9.631721496582031
1,0,540.0,400.0,9.648404121398926
1,0,540.0,400.0,9.66550612449646
1,0,540.0,400.0,9.681238651275635
1,0,540.0,400.0,9.697742938995361
1,0,540.0,400.0,9.71508002281189
1,0,540.0,400.0,9.73052167892456
1,0,540.0,400.0,9.746590614318848
1,0,540.0,400.0,9.762364149093628
1,0,540.0,400.0,9.777915477752686
1,0,540.0,400.0,9.794471979141235
1,0,540.0,400.0,9.81123685836792
1,0,540.0,400.0,9.827094316482544
1,0,540.0,400.0,9.843620538711548
1,0,540.0,400.0,9.8591468334198
1,0,540.0,400.0,9.875669956207275
1,0,540.0,400.0,9.891088485717773
1,0,540.0,400.0,9.907960176467896
1,0,540.0,400.0,9.925190687179565
1,0,540.0,400.0,9.9408700466156
1,0,540.0,400.0,9.957526445388794
1,0,540.0,400.0,9.973270893096924
1,0,540.0,400.0,9.988960266113281
1,0,540.0,400.0,11.008666515350342
1,0,540.0,400.0,11.01268482208252
1,0,540.0,400.0,11.029422998428345
1,0,540.0,400.0,11.04555630683899
1,0,540.0,400.0,11.062057495117188
1,0,540.0,400.0,11.07856297492981
1,0,540.0,400.0,11.09580683708191
1,0,540.0,400.0,11.113138198852539
1,0,540.0,400.0,11.129220724105835
1,0,540.0,400.0,11.145280361175537
1,0,540.0,400.0,11.161561012268066
1,0,540.0,400.0,11.177569150924683
1,0,540.0,400.0,11.19364881515503
1,0,540.0,400.0,11.210557460784912
1,0,540.0,400.0,11.226532220840454
1,0,540.0,400.0,11.242093086242676
1,0,540.0,400.0,11.258552312850952
1,0,540.0,400.0,11.275274991989136
1,0,540.0,400.0,11.292196273803711
1,0,540.0,400.0,11.309565305709839
1,0,540.0,400.0,11.325672626495361
1,0,540.0,400.0,11.34237003326416
1,0,540.0,400.0,11.358023166656494
1,0,540.0,400.0,11.374368667602539
1,0,540.0,400.0,11.389983415603638
1,0,540.0,400.0,11.40676236152649
1,0,540.0,400.0,11.423256874084473
1,0,540.0,400.0,11.438872575759888
1,0,540.0,400.0,11.455762147903442
1,0,540.0,400.0,11.47309398651123
1,0,540.0,400.0,11.489585638046265
1,0,540.0,400.0,11.506040573120117
1,0,540.0,400.0,11.523259162902832
1,0,540.0,400.0,11.538754940032959
1,0,540.0,400.0,11.555362224578857
1,0,540.0,400.0,11.57213568687439
1,0,540.0,400.0,11.588722705841064
1,0,540.0,400.0,11.605797529220581
1,0,540.0,400.0,11.621959447860718
1,0,540.0,400.0,11.638428449630737
1,0,540.0,400.0,11.65416407585144
1,0,540.0,400.0,11.669835090637207
1,0,540.0,400.0,11.687074184417725
1,0,540.0,400.0,11.703099727630615
1,0,540.0,400.0,11.718856573104858
1,0,540.0,400.0,11.735310792922974
1,0,540.0,400.0,11.75120234489441
1,0,540.0,400.0,11.767284154891968
1,0,540.0,400.0,11.783482789993286
1,0,540.0,400.0,11.79977035522461
1,0,540.0,400.0,11.81660509109497
1,0,540.0,400.0,11.83246660232544
1,0,540.0,400.0,11.84861445426941
1,0,540.0,400.0,11.86415433883667
1,0,540.0,400.0,11.879902839660645
1,0,540.0,400.0,11.896303653717041
1,0,540.0,400.0,11.912278652191162
1,0,540.0,400.0,11.927844524383545
1,0,540.0,400.0,11.944933652877808
1,0,540.0,400.0,11.960000991821289
1,0,540.0,400.0,11.976446866989136
1,0,540.0,400.0,11.992912769317627
1,0,540.0,400.0,12.010164976119995
1,0,540.0,400.0,12.026605606079102
1,0,540.0,400.0,12.04220461845398
1,0,540.0,400.0,12.057961225509644
1,0,540.0,400.0,12.07564115524292
1,0,540.0,400.0,12.091523170471191
1,0,540.0,400.0,12.108263731002808
1,0,540.0,400.0,12.123902082443237
1,0,540.0,400.0,12.140716075897217
1,0,540.0,400.0,12.15815019607544
1,0,540.0,400.0,12.175819873809814
1,0,540.0,400.0,12.191386461257935
1,0,540.0,400.0,12.206874370574951
1,0,540.0,400.0,12.223415851593018
1,0,540.0,400.0,12.239019393920898
1,0,540.0,400.0,12.256280422210693
1,0,540.0,400.0,12.27195954322815
1,0,540.0,400.0,12.289059400558472
1,0,540.0,400.0,12.30609393119812
1,0,540.0,400.0,12.322201490402222
1,0,540.0,400.0,12.33876633644104
1,0,540.0,400.0,12.356410503387451
1,0,540.0,400.0,12.372108697891235
1,0,540.0,400.0,12.388676643371582
1,0,540.0,400.0,12.406445026397705
1,0,540.0,400.0,12.4229154586792
1,0,540.0,400.0,12.440186262130737
1,0,540.0,400.0,12.45665431022644
1,0,540.0,400.0,12.473303079605103
1,0,540.0,400.0,12.488848686218262
1,0,540.0,400.0,12.506345510482788
1,0,540.0,400.0,12.522002935409546
1,0,540.0,400.0,12.538502931594849
1,0,540.0,400.0,12.554259777069092
1,0,540.0,400.0,12.569858074188232
1,0,540.0,400.0,12.58675765991211
1,0,540.0,400.0,12.604251623153687
1,0,540.0,400.0,12.620047330856323
1,0,540.0,400.0,12.635981798171997
1,0,540.0,400.0,12.652039289474487
1,0,540.0,400.0,12.668867349624634
1,0,540.0,400.0,12.686228275299072
1,0,540.0,400.0,12.702478647232056
1,0,540.0,400.0,12.718990087509155
1,0,540.0,400.0,12.735291481018066
1,0,540.0,400.0,12.75221562385559
1,0,540.0,400.0,12.769470453262329
1,0,540.0,400.0,12.785192251205444
1,0,540.0,400.0,12.80212950706482
1,0,540.0,400.0,12.818859577178955
1,0,540.0,400.0,12.835056066513062
1,0,540.0,400.0,12.851166248321533
1,0,540.0,400.0,12.867173671722412
1,0,540.0,400.0,12.88370656967163
1,0,540.0,400.0,12.901145696640015
1,0,540.0,400.0,12.916945695877075
1,0,540.0,400.0,12.93408203125
1,0,540.0,400.0,12.95112156867981
1,0,540.0,400.0,12.9687659740448
1,0,540.0,400.0,12.984145402908325
1,0,540.0,400.0,13.002020835876465
1,0,540.0,400.0,13.018014430999756
1,0,540.0,400.0,13.035692691802979
1,0,540.0,400.0,13.051131248474121
1,0,540.0,400.0,13.067802906036377
1,0,540.0,400.0,13.085099697113037
1,0,540.0,400.0,13.101126432418823
1,0,540.0,400.0,13.117072820663452
1,0,540.0,400.0,13.135022640228271
1,0,540.0,400.0,13.151175022125244
1,0,540.0,400.0,13.167540311813354
1,0,540.0,400.0,13.183592081069946
1,0,540.0,400.0,13.199684858322144
1,0,540.0,400.0,13.21723484992981
1,0,540.0,400.0,13.23358941078186
1,0,540.0,400.0,13.249574661254883
1,0,540.0,400.0,13.266108274459839
1,0,540.0,400.0,13.28271222114563
1,0,540.0,400.0,13.299363851547241
1,0,540.0,400.0,13.315577030181885
1,0,540.0,400.0,13.331303358078003
1,0,540.0,400.0,13.34676456451416
1,0,540.0,400.0,13.364028215408325
1,0,540.0,400.0,13.381234407424927
1,0,540.0,400.0,13.39777398109436
1,0,540.0,400.0,13.414316177368164
1,0,540.0,400.0,13.429849624633789
1,0,540.0,400.0,13.446309804916382
1,0,540.0,400.0,13.462679862976074
1,0,540.0,400.0,13.479244232177734
1,0,540.0,400.0,13.495587348937988
1,0,540.0,400.0,13.511415958404541
1,0,540.0,400.0,13.527218580245972
1,0,540.0,400.0,13.543738603591919
1,0,540.0,400.0,13.56043529510498
1,0,540.0,400.0,13.576112747192383
1,0,540.0,400.0,13.59287405014038
1,0,540.0,400.0,13.608371257781982
1,0,540.0,400.0,13.624356031417847
1,0,540.0,400.0,13.640072107315063
1,0,540.0,400.0,13.657275676727295
1,0,540.0,400.0,13.672811508178711
1,0,540.0,400.0,13.689319610595703
1,0,540.0,400.0,13.705391883850098
1,0,540.0,400.0,13.721213340759277
1,0,540.0,400.0,13.73852801322937
1,0,540.0,400.0,13.754233837127686
1,0,540.0,400.0,13.770929098129272
1,0,540.0,400.0,13.788472414016724
1,0,540.0,400.0,13.804246664047241
1,0,540.0,400.0,13.820955991744995
1,0,540.0,400.0,13.838359117507935
1,0,540.0,400.0,13.854249715805054
1,0,540.0,400.0,13.870884895324707
1,0,540.0,400.0,13.888250827789307
1,0,540.0,400.0,13.904182434082031
1,0,540.0,400.0,13.920090675354004
1,0,540.0,400.0,13.936121702194214
1,0,540.0,400.0,13.952003479003906
1,0,540.0,400.0,13.968857765197754
1,0,540.0,400.0,13.986283779144287
1,0,540.0,400.0,14.002019166946411
1,0,540.0,400.0,14.018800735473633
1,0,540.0,400.0,14.035455465316772
1,0,540.0,400.0,14.05121898651123
1,0,540.0,400.0,14.067142963409424
1,0,540.0,400.0,14.08373212814331
1,0,540.0,400.0,14.101117372512817
1,0,540.0,400.0,14.116936445236206
1,0,540.0,400.0,14.132901668548584
1,0,540.0,400.0,14.150126934051514
1,0,540.0,400.0,14.166113138198853
1,0,540.0,400.0,14.181929349899292
1,0,540.0,400.0,14.199027299880981
1,0,540.0,400.0,14.216095924377441
1,0,540.0,400.0,14.232097387313843
1,0,540.0,400.0,14.248762607574463
1,0,540.0,400.0,14.265755653381348
1,0,540.0,400.0,14.280859231948853
1,0,540.0,400.0,14.298267126083374
1,0,540.0,400.0,14.313817501068115
1,0,540.0,400.0,14.33108639717102
1,0,540.0,400.0,14.347613096237183
1,0,540.0,400.0,14.364240646362305
1,0,540.0,400.0,14.379826068878174
1,0,540.0,400.0,14.396990776062012
1,0,540.0,400.0,14.413545846939087
1,0,540.0,400.0,14.429655075073242
1,0,540.0,400.0,14.446197509765625
1,0,540.0,400.0,14.46241307258606
1,0,540.0,400.0,14.47797179222107
1,0,540.0,400.0,14.495659589767456
1,0,540.0,400.0,14.512286186218262
1,0,540.0,400.0,14.528043270111084
1,0,540.0,400.0,14.54512882232666
1,0,540.0,400.0,14.56132984161377
1,0,540.0,400.0,14.576867818832397
1,0,540.0,400.0,14.593600273132324
1,0,540.0,400.0,14.610153675079346
1,0,540.0,400.0,14.627320289611816
1,0,540.0,400.0,14.642972230911255
1,0,540.0,400.0,14.659492492675781
1,0,540.0,400.0,14.675133228302002
1,0,540.0,400.0,14.690917730331421
1,0,540.0,400.0,14.707560777664185
1,0,540.0,400.0,14.723382472991943
1,0,540.0,400.0,14.738931655883789
1,0,540.0,400.0,14.756406784057617
1,0,540.0,400.0,14.772161722183228
1,0,540.0,400.0,14.788736581802368
1,0,540.0,400.0,14.805816650390625
1,0,540.0,400.0,14.821229457855225
1,0,540.0,400.0,14.837150812149048
1,0,540.0,400.0,14.853140830993652
1,0,540.0,400.0,14.868865251541138
1,0,540.0,400.0,14.885469198226929
1,0,540.0,400.0,14.901357412338257
1,0,540.0,400.0,14.917124032974243
1,0,540.0,400.0,14.934224843978882
1,0,540.0,400.0,14.9522066116333
1,0,540.0,400.0,14.967405080795288
1,0,540.0,400.0,14.984097719192505
1,0,540.0,400.0,15.000614643096924
1,0,540.0,400.0,16.01859474182129
1,0,540.0,400.0,16.01960849761963
1,0,540.0,400.0,16.037120580673218
1,0,540.0,400.0,16.053531646728516
1,0,540.0,400.0,16.069815397262573
1,0,540.0,400.0,16.087096214294434
1,0,540.0,400.0,16.103148221969604
1,0,540.0,400.0,16.119685411453247
1,0,540.0,400.0,16.137088537216187
1,0,540.0,400.0,16.153133392333984
1,0,540.0,400.0,16.16899561882019
1,0,540.0,400.0,16.185668230056763
1,0,540.0,400.0,16.201793432235718
1,0,540.0,400.0,16.219077825546265
1,0,540.0,400.0,16.235990524291992
1,0,540.0,400.0,16.252070665359497
1,0,540.0,400.0,16.26886558532715
1,0,540.0,400.0,16.28558039665222
1,0,540.0,400.0,16.301527976989746
1,0,540.0,400.0,16.317437171936035
1,0,540.0,400.0,16.33371067047119
1,0,540.0,400.0,16.3511803150177
1,0,540.0,400.0,16.368027925491333
1,0,540.0,400.0,16.384291648864746
1,0,540.0,400.0,16.401209354400635
1,0,540.0,400.0,16.4171404838562
1,0,540.0,400.0,16.432937383651733
1,0,540.0,400.0,16.450369119644165
1,0,540.0,400.0,16.46635103225708
1,0,540.0,400.0,16.482792139053345
1,0,540.0,400.0,16.49945306777954
1,0,540.0,400.0,16.51518726348877
1,0,540.0,400.0,16.531176567077637
1,0,540.0,400.0,16.54781985282898
1,0,540.0,400.0,16.56567645072937
1,0,540.0,400.0,16.581820011138916
1,0,540.0,400.0,16.598366260528564
1,0,540.0,400.0,16.61542534828186
1,0,540.0,400.0,16.631216764450073
1,0,540.0,400.0,16.648159503936768
1,0,540.0,400.0,16.665242195129395
1,0,540.0,400.0,16.681596517562866
1,0,540.0,400.0,16.69826102256775
1,0,540.0,400.0,16.713829278945923
1,0,540.0,400.0,16.730992317199707
1,0,540.0,400.0,16.747556686401367
1,0,540.0,400.0,16.76314067840576
1,0,540.0,400.0,16.779711723327637
1,0,540.0,400.0,16.796855449676514
1,0,540.0,400.0,16.81349229812622
1,0,540.0,400.0,16.829257249832153
1,0,540.0,400.0,16.845473051071167
1,0,540.0,400.0,16.862143754959106
1,0,540.0,400.0,16.878900051116943
1,0,540.0,400.0,16.896087408065796
1,0,540.0,400.0,16.912140607833862
1,0,540.0,400.0,16.929184436798096
1,0,540.0,400.0,16.94605851173401
1,0,540.0,400.0,16.961782455444336
1,0,540.0,400.0,16.9788875579834
1,0,540.0,400.0,16.996092081069946
1,0,540.0,400.0,17.01227569580078
1,0,540.0,400.0,17.027772665023804
1,0,540.0,400.0,17.045610427856445
1,0,540.0,400.0,17.06118607521057
1,0,540.0,400.0,17.077956199645996
1,0,540.0,400.0,17.093878269195557
1,0,540.0,400.0,17.111311674118042
1,0,540.0,400.0,17.130761861801147
1,0,540.0,400.0,17.146154642105103
1,0,540.0,400.0,17.162444591522217
1,0,540.0,400.0,17.178079843521118
1,0,540.0,400.0,17.195586442947388
1,0,540.0,400.0,17.211374521255493
1,0,540.0,400.0,17.226948499679565
1,0,540.0,400.0,17.24342393875122
1,0,540.0,400.0,17.259167909622192
1,0,540.0,400.0,17.276161432266235
1,0,540.0,400.0,17.292337894439697
1,0,540.0,400.0,17.308473825454712
1,0,540.0,400.0,17.324001789093018
1,0,540.0,400.0,17.34112858772278
1,0,540.0,400.0,17.35813617706299
1,0,540.0,400.0,17.37518334388733
1,0,540.0,400.0,17.391469717025757
1,0,540.0,400.0,17.40801167488098
1,0,540.0,400.0,17.424556970596313
1,0,540.0,400.0,17.440205574035645
1,0,540.0,400.0,17.4564106464386
1,0,540.0,400.0,17.47208285331726
1,0,540.0,400.0,17.488951921463013
1,0,540.0,400.0,17.506144762039185
1,0,540.0,400.0,17.52193593978882
1,0,540.0,400.0,17.538522243499756
1,0,540.0,400.0,17.554264545440674
1,0,540.0,400.0,17.57033944129944
1,0,540.0,400.0,17.586864471435547
1,0,540.0,400.0,17.604153156280518
1,0,540.0,400.0,17.621267557144165
1,0,540.0,400.0,17.637704849243164
1,0,540.0,400.0,17.655380725860596
1,0,540.0,400.0,17.671205759048462
1,0,540.0,400.0,17.688170909881592
1,0,540.0,400.0,17.704137325286865
1,0,540.0,400.0,17.72075128555298
1,0,540.0,400.0,17.73816967010498
1,0,540.0,400.0,17.755264282226562
1,0,540.0,400.0,17.77155590057373
1,0,540.0,400.0,17.787323236465454
1,0,540.0,400.0,17.803150177001953
1,0,540.0,400.0,17.819316148757935
1,0,540.0,400.0,17.836116075515747
1,0,540.0,400.0,17.852057695388794
1,0,540.0,400.0,17.868382692337036
1,0,540.0,400.0,17.88409113883972
1,0,540.0,400.0,17.901119232177734
1,0,540.0,400.0,17.91699457168579
1,0,540.0,400.0,17.934223413467407
1,0,540.0,400.0,17.951135635375977
1,0,540.0,400.0,17.967515468597412
1,0,540.0,400.0,17.983648777008057
1,0,540.0,400.0,18.000599145889282
1,0,540.0,400.0,18.016762018203735
1,0,540.0,400.0,18.03348660469055
1,0,540.0,400.0,18.049370527267456
1,0,540.0,400.0,18.065622568130493
1,0,540.0,400.0,18.08125638961792
1,0,540.0,400.0,18.09724235534668
1,0,540.0,400.0,18.114355087280273
1,0,540.0,400.0,18.129822969436646
1,0,540.0,400.0,18.146392822265625
1,0,540.0,400.0,18.162195682525635
1,0,540.0,400.0,18.17922830581665
1,0,540.0,400.0,18.19612741470337
1,0,540.0,400.0,18.212656021118164
1,0,540.0,400.0,18.22999334335327
1,0,540.0,400.0,18.24651074409485
1,0,540.0,400.0,18.262189865112305
1,0,540.0,400.0,18.27955961227417
1,0,540.0,400.0,18.29622745513916
1,0,540.0,400.0,18.312377214431763
1,0,540.0,400.0,18.327922105789185
1,0,540.0,400.0,18.345080852508545
1,0,540.0,400.0,18.360612392425537
1,0,540.0,400.0,18.37732744216919
1,0,540.0,400.0,18.393811225891113
1,0,540.0,400.0,18.41130042076111
1,0,540.0,400.0,18.427671432495117
1,0,540.0,400.0,18.44446611404419
1,0,540.0,400.0,18.460317611694336
1,0,540.0,400.0,18.47634506225586
1,0,540.0,400.0,18.4930579662323
1,0,540.0,400.0,18.509676694869995
1,0,540.0,400.0,18.52724838256836
1,0,540.0,400.0,18.543063163757324
1,0,540.0,400.0,18.56015682220459
1,0,540.0,400.0,18.576619863510132
1,0,540.0,400.0,18.594026803970337
1,0,540.0,400.0,18.61144185066223
1,0,540.0,400.0,18.627004384994507
1,0,540.0,400.0,18.644031286239624
1,0,540.0,400.0,18.661192178726196
1,0,540.0,400.0,18.679467916488647
1,0,540.0,400.0,18.693987607955933
1,0,540.0,400.0,18.71134853363037
1,0,540.0,400.0,18.726892232894897
1,0,540.0,400.0,18.744323253631592
1,0,540.0,400.0,18.75997233390808
1,0,540.0,400.0,18.776521921157837
1,0,540.0,400.0,18.792864561080933
1,0,540.0,400.0,18.810291528701782
1,0,540.0,400.0,18.82609796524048
1,0,540.0,400.0,18.84240460395813
1,0,540.0,400.0,18.858081579208374
1,0,540.0,400.0,18.8756685256958
1,0,540.0,400.0,18.891120195388794
1,0,540.0,400.0,18.907348155975342
1,0,540.0,400.0,18.922975540161133
1,0,540.0,400.0,18.939802169799805
1,0,540.0,400.0,18.956479787826538
1,0,540.0,400.0,18.972948789596558
1,0,540.0,400.0,18.9897358417511
1,0,540.0,400.0,19.006574869155884
1,0,540.0,400.0,19.023289442062378
1,0,540.0,400.0,19.039276599884033
1,0,540.0,400.0,19.055659294128418
1,0,540.0,400.0,19.071950912475586
1,0,540.0,400.0,19.08939790725708
1,0,540.0,400.0,19.107260704040527
1,0,540.0,400.0,19.123286724090576
1,0,540.0,400.0,19.13916254043579
1,0,540.0,400.0,19.15561556816101
1,0,540.0,400.0,19.171293020248413
1,0,540.0,400.0,19.18765616416931
1,0,540.0,400.0,19.20432996749878
1,0,540.0,400.0,19.220144748687744
1,0,540.0,400.0,19.236517906188965
1,0,540.0,400.0,19.252310037612915
1,0,540.0,400.0,19.268240213394165
1,0,540.0,400.0,19.28507161140442
1,0,540.0,400.0,19.301271438598633
1,0,540.0,400.0,19.318212747573853
1,0,540.0,400.0,19.335383653640747
1,0,540.0,400.0,19.351232767105103
1,0,540.0,400.0,19.36784052848816
1,0,540.0,400.0,19.38377547264099
1,0,540.0,400.0,19.401249647140503
1,0,540.0,400.0,19.417100191116333
1,0,540.0,400.0,19.43436551094055
1,0,540.0,400.0,19.450265407562256
1,0,540.0,400.0,19.466898918151855
1,0,540.0,400.0,19.482999563217163
1,0,540.0,400.0,19.499619722366333
1,0,540.0,400.0,19.516124725341797
1,0,540.0,400.0,19.53237557411194
1,0,540.0,400.0,19.54792594909668
1,0,540.0,400.0,19.564420461654663
1,0,540.0,400.0,19.580848455429077
1,0,540.0,400.0,19.597283124923706
1,0,540.0,400.0,19.61323833465576
1,0,540.0,400.0,19.62928318977356
1,0,540.0,400.0,19.646121501922607
1,0,540.0,400.0,19.662278652191162
1,0,540.0,400.0,19.678181648254395
1,0,540.0,400.0,19.694268226623535
1,0,540.0,400.0,19.709962606430054
1,0,540.0,400.0,19.72657561302185
1,0,540.0,400.0,19.742238998413086
1,0,540.0,400.0,19.757858991622925
1,0,540.0,400.0,19.77445340156555
1,0,540.0,400.0,19.790212392807007
1,0,540.0,400.0,19.80574917793274
1,0,540.0,400.0,19.82183027267456
1,0,540.0,400.0,19.838464498519897
1,0,540.0,400.0,19.853987216949463
1,0,540.0,400.0,19.871126413345337
1,0,540.0,400.0,19.887951135635376
1,0,540.0,400.0,19.905423164367676
1,0,540.0,400.0,19.921165466308594
1,0,540.0,400.0,19.9372718334198
1,0,540.0,400.0,19.953155755996704
1,0,540.0,400.0,19.969083547592163
1,0,540.0,400.0,19.987040996551514
1,0,540.0,400.0,20.00205135345459
1,0,540.0,400.0,21.021371364593506
1,0,540.0,400.0,21.022386074066162
1,0,540.0,400.0,21.03844165802002
1,0,540.0,400.0,21.05401086807251
1,0,540.0,400.0,21.069695472717285
1,0,540.0,400.0,21.08604645729065
1,0,540.0,400.0,21.102071285247803
1,0,540.0,400.0,21.11872625350952
1,0,540.0,400.0,21.136798620224
1,0,540.0,400.0,21.153379201889038
1,0,540.0,400.0,21.16968536376953
1,0,540.0,400.0,21.186366081237793
1,0,540.0,400.0,21.2020583152771
1,0,540.0,400.0,21.219269037246704
1,0,540.0,400.0,21.23522639274597
1,0,540.0,400.0,21.251262664794922
1,0,540.0,400.0,21.26733660697937
1,0,540.0,400.0,21.28347373008728
1,0,540.0,400.0,21.299268007278442
1,0,540.0,400.0,21.315590143203735
1,0,540.0,400.0,21.331323385238647
1,0,540.0,400.0,21.34722137451172
1,0,540.0,400.0,21.362895488739014
1,0,540.0,400.0,21.380114793777466
1,0,540.0,400.0,21.396574020385742
1,0,540.0,400.0,21.413087844848633
1,0,540.0,400.0,21.42962884902954
1,0,540.0,400.0,21.446154832839966
1,0,540.0,400.0,21.462021827697754
1,0,540.0,400.0,21.478574752807617
1,0,540.0,400.0,21.49521565437317
1,0,540.0,400.0,21.511181354522705
1,0,540.0,400.0,21.527817010879517
1,0,540.0,400.0,21.54558038711548
1,0,540.0,400.0,21.56093955039978
1,0,540.0,400.0,21.578069925308228
1,0,540.0,400.0,21.595175981521606
1,0,540.0,400.0,21.61115264892578
1,0,540.0,400.0,21.627912521362305
1,0,540.0,400.0,21.645026683807373
1,0,540.0,400.0,21.66121006011963
1,0,540.0,400.0,21.67824912071228
1,0,540.0,400.0,21.694416522979736
1,0,540.0,400.0,21.71029043197632
1,0,540.0,400.0,21.726050853729248
1,0,540.0,400.0,21.742003440856934
1,0,540.0,400.0,21.759257316589355
1,0,540.0,400.0,21.775145530700684
1,0,540.0,400.0,21.790931224822998
1,0,540.0,400.0,21.808325052261353
1,0,540.0,400.0,21.82405972480774
1,0,540.0,400.0,21.840171337127686
1,0,540.0,400.0,21.856088161468506
1,0,540.0,400.0,21.871938705444336
1,0,540.0,400.0,21.88792133331299
1,0,540.0,400.0,21.904131412506104
1,0,540.0,400.0,21.919947624206543
1,0,540.0,400.0,21.93765354156494
1,0,540.0,400.0,21.955801010131836
1,0,540.0,400.0,21.971261739730835
1,0,540.0,400.0,21.987016677856445
1,0,540.0,400.0,22.004175662994385
1,0,540.0,400.0,22.021318674087524
1,0,540.0,400.0,22.037251234054565
1,0,540.0,400.0,22.053184270858765
1,0,540.0,400.0,22.068822383880615
1,0,540.0,400.0,22.085684299468994
1,0,540.0,400.0,22.101112127304077
1,0,540.0,400.0,22.117804288864136
1,0,540.0,400.0,22.135147094726562
1,0,540.0,400.0,22.151105642318726
1,0,540.0,400.0,22.167216300964355
1,0,540.0,400.0,22.183748483657837
1,0,540.0,400.0,22.20050024986267
1,0,540.0,400.0,22.21685481071472
1,0,540.0,400.0,22.23278832435608
1,0,540.0,400.0,22.250146627426147
1,0,540.0,400.0,22.26683783531189
1,0,540.0,400.0,22.283541440963745
1,0,540.0,400.0,22.299488306045532
1,0,540.0,400.0,22.316081047058105
1,0,540.0,400.0,22.331987619400024
1,0,540.0,400.0,22.349254369735718
1,0,540.0,400.0,22.36571216583252
1,0,540.0,400.0,22.38100242614746
1,0,540.0,400.0,22.3975670337677
1,0,540.0,400.0,22.41331458091736
1,0,540.0,400.0,22.428977727890015
1,0,540.0,400.0,22.446292400360107
1,0,540.0,400.0,22.462008237838745
1,0,540.0,400.0,22.47890615463257
1,0,540.0,400.0,22.49613308906555
1,0,540.0,400.0,22.512291431427002
1,0,540.0,400.0,22.527904510498047
1,0,540.0,400.0,22.550522089004517
1,0,540.0,400.0,22.567222118377686
1,0,540.0,400.0,22.583741188049316
1,0,540.0,400.0,22.601174354553223
1,0,540.0,400.0,22.617369413375854
1,0,540.0,400.0,22.63362431526184
1,0,540.0,400.0,22.650394201278687
1,0,540.0,400.0,22.666726112365723
1,0,540.0,400.0,22.683432579040527
1,0,540.0,400.0,22.699624061584473
1,0,540.0,400.0,22.716144800186157
1,0,540.0,400.0,22.732252836227417
1,0,540.0,400.0,22.748066186904907
1,0,540.0,400.0,22.76404857635498
1,0,540.0,400.0,22.781388521194458
1,0,540.0,400.0,22.79738163948059
1,0,540.0,400.0,22.813519954681396
1,0,540.0,400.0,22.829376935958862
1,0,540.0,400.0,22.845206022262573
1,0,540.0,400.0,22.861091375350952
1,0,540.0,400.0,22.87763524055481
1,0,540.0,400.0,22.893778562545776
1,0,540.0,400.0,22.908975839614868
1,0,540.0,400.0,22.9261474609375
1,0,540.0,400.0,22.94199776649475
1,0,540.0,400.0,22.959041118621826
1,0,540.0,400.0,22.97617530822754
1,0,540.0,400.0,22.99210476875305
1,0,540.0,400.0,23.008716583251953
1,0,540.0,400.0,23.02623224258423
1,0,540.0,400.0,23.042234659194946
1,0,540.0,400.0,23.05845308303833
1,0,540.0,400.0,23.074119567871094
1,0,540.0,400.0,23.090673208236694
1,0,540.0,400.0,23.107972860336304
1,0,540.0,400.0,23.125030040740967
1,0,540.0,400.0,23.1402108669281
1,0,540.0,400.0,23.15618133544922
1,0,540.0,400.0,23.17191195487976
1,0,540.0,400.0,23.188915491104126
1,0,540.0,400.0,23.20617151260376
1,0,540.0,400.0,23.22185254096985
1,0,540.0,400.0,23.23847794532776
1,0,540.0,400.0,23.254007577896118
1,0,540.0,400.0,23.27115488052368
1,0,540.0,400.0,23.288132905960083
1,0,540.0,400.0,23.305316925048828
1,0,540.0,400.0,23.32168173789978
1,0,540.0,400.0,23.338298559188843
1,0,540.0,400.0,23.35412621498108
1,0,540.0,400.0,23.37096643447876
1,0,540.0,400.0,23.388227224349976
1,0,540.0,400.0,23.40426278114319
1,0,540.0,400.0,23.42004156112671
1,0,540.0,400.0,23.436094760894775
1,0,540.0,400.0,23.45200824737549
1,0,540.0,400.0,23.46830463409424
1,0,540.0,400.0,23.48408818244934
1,0,540.0,400.0,23.500857830047607
1,0,540.0,400.0,23.517710208892822
1,0,540.0,400.0,23.534035205841064
1,0,540.0,400.0,23.551255226135254
1,0,540.0,400.0,23.56740665435791
1,0,540.0,400.0,23.582780838012695
1,0,540.0,400.0,23.599402904510498
1,0,540.0,400.0,23.61544132232666
1,0,540.0,400.0,23.631296396255493
1,0,540.0,400.0,23.64812731742859
1,0,540.0,400.0,23.66462230682373
1,0,540.0,400.0,23.681309938430786
1,0,540.0,400.0,23.697526216506958
1,0,540.0,400.0,23.713372230529785
1,0,540.0,400.0,23.729058027267456
1,0,540.0,400.0,23.7461359500885
1,0,540.0,400.0,23.762704133987427
1,0,540.0,400.0,23.77956461906433
1,0,540.0,400.0,23.79651117324829
1,0,540.0,400.0,23.81241273880005
1,0,540.0,400.0,23.828097581863403
1,0,540.0,400.0,23.84582757949829
1,0,540.0,400.0,23.861271858215332
1,0,540.0,400.0,23.876747369766235
1,0,540.0,400.0,23.894209384918213
1,0,540.0,400.0,23.909787893295288
1,0,540.0,400.0,23.927079439163208
1,0,540.0,400.0,23.94363021850586
1,0,540.0,400.0,23.960394382476807
1,0,540.0,400.0,23.976221084594727
1,0,540.0,400.0,23.992390155792236
1,0,540.0,400.0,24.007972240447998
1,0,540.0,400.0,24.025501489639282
1,0,540.0,400.0,24.04258680343628
1,0,540.0,400.0,24.05850577354431
1,0,540.0,400.0,24.074429512023926
1,0,540.0,400.0,24.090391635894775
1,0,540.0,400.0,24.105857849121094
1,0,540.0,400.0,24.12268900871277
1,0,540.0,400.0,24.139232873916626
1,0,540.0,400.0,24.155660152435303
1,0,540.0,400.0,24.17112159729004
1,0,540.0,400.0,24.188481092453003
1,0,540.0,400.0,24.205318689346313
1,0,540.0,400.0,24.221521139144897
1,0,540.0,400.0,24.237102508544922
1,0,540.0,400.0,24.253700733184814
1,0,540.0,400.0,24.270941734313965
1,0,540.0,400.0,24.288188457489014
1,0,540.0,400.0,24.30577325820923
1,0,540.0,400.0,24.32116150856018
1,0,540.0,400.0,24.337694883346558
1,0,540.0,400.0,24.355664253234863
1,0,540.0,400.0,24.371397972106934
1,0,540.0,400.0,24.387033700942993
1,0,540.0,400.0,24.402700662612915
1,0,540.0,400.0,24.419058084487915
1,0,540.0,400.0,24.435468435287476
1,0,540.0,400.0,24.452036142349243
1,0,540.0,400.0,24.46805214881897
1,0,540.0,400.0,24.484280109405518
1,0,540.0,400.0,24.50045132637024
1,0,540.0,400.0,24.516250371932983
1,0,540.0,400.0,24.531856536865234
1,0,540.0,400.0,24.54856514930725
1,0,540.0,400.0,24.56589412689209
1,0,540.0,400.0,24.581178903579712
1,0,540.0,400.0,24.598093032836914
1,0,540.0,400.0,24.61605191230774
1,0,540.0,400.0,24.631394624710083
1,0,540.0,400.0,24.646953582763672
1,0,540.0,400.0,24.664130687713623
1,0,540.0,400.0,24.681212186813354
1,0,540.0,400.0,24.697763442993164
1,0,540.0,400.0,24.715466737747192
1,0,540.0,400.0,24.731361627578735
1,0,540.0,400.0,24.748605251312256
1,0,540.0,400.0,24.76610279083252
1,0,540.0,400.0,24.78292727470398
1,0,540.0,400.0,24.79941749572754
1,0,540.0,400.0,24.815942764282227
1,0,540.0,400.0,24.831220149993896
1,0,540.0,400.0,24.847863912582397
1,0,540.0,400.0,24.864341497421265
1,0,540.0,400.0,24.87985348701477
1,0,540.0,400.0,24.896474361419678
1,0,540.0,400.0,24.91200828552246
1,0,540.0,400.0,24.928946495056152
1,0,540.0,400.0,24.94610047340393
1,0,540.0,400.0,24.962305068969727
1,0,540.0,400.0,24.977869987487793
1,0,540.0,400.0,24.994636058807373
1,0,540.0,400.0,26.01314640045166
1,0,540.0,400.0,26.015160083770752
1,0,540.0,400.0,26.031726360321045
1,0,540.0,400.0,26.048388481140137
1,0,540.0,400.0,26.06504487991333
1,0,540.0,400.0,26.08147382736206
1,0,540.0,400.0,26.09895920753479
1,0,540.0,400.0,26.115039587020874
1,0,540.0,400.0,26.13115382194519
1,0,540.0,400.0,26.14698076248169
1,0,540.0,400.0,26.163548946380615
1,0,540.0,400.0,26.17908549308777
1,0,540.0,400.0,26.19637632369995
1,0,540.0,400.0,26.211928367614746
1,0,540.0,400.0,26.228644371032715
1,0,540.0,400.0,26.244076013565063
1,0,540.0,400.0,26.261208295822144
1,0,540.0,400.0,26.278167724609375
1,0,540.0,400.0,26.29528284072876
1,0,540.0,400.0,26.311936140060425
1,0,540.0,400.0,26.328527212142944
1,0,540.0,400.0,26.345361709594727
1,0,540.0,400.0,26.361688137054443
1,0,540.0,400.0,26.379156589508057
1,0,540.0,400.0,26.395243167877197
1,0,540.0,400.0,26.411150455474854
1,0,540.0,400.0,26.4275381565094
1,0,540.0,400.0,26.44300127029419
1,0,540.0,400.0,26.459210634231567
1,0,540.0,400.0,26.475041151046753
1,0,540.0,400.0,26.491443634033203
1,0,540.0,400.0,26.508136987686157
1,0,540.0,400.0,26.524366855621338
1,0,540.0,400.0,26.540106534957886
1,0,540.0,400.0,26.55720019340515
1,0,540.0,400.0,26.57397699356079
1,0,540.0,400.0,26.589284896850586
1,0,540.0,400.0,26.606348991394043
1,0,540.0,400.0,26.622631311416626
1,0,540.0,400.0,26.63957142829895
1,0,540.0,400.0,26.65603470802307
1,0,540.0,400.0,26.671799898147583
1,0,540.0,400.0,26.68866729736328
1,0,540.0,400.0,26.706908226013184
1,0,540.0,400.0,26.72338604927063
1,0,540.0,400.0,26.73874020576477
1,0,540.0,400.0,26.756271362304688
1,0,540.0,400.0,26.77315402030945
1,0,540.0,400.0,26.78945803642273
1,0,540.0,400.0,26.80517077445984
1,0,540.0,400.0,26.822156190872192
1,0,540.0,400.0,26.83897566795349
1,0,540.0,400.0,26.85517716407776
1,0,540.0,400.0,26.870831966400146
1,0,540.0,400.0,26.888509511947632
1,0,540.0,400.0,26.905694484710693
1,0,540.0,400.0,26.92656135559082
1,0,540.0,400.0,26.941916465759277
1,0,540.0,400.0,26.9566011428833
1,0,540.0,400.0,26.97336435317993
1,0,540.0,400.0,26.99051833152771
1,0,540.0,400.0,27.006877422332764
1,0,540.0,400.0,27.023787260055542
1,0,540.0,400.0,27.039199352264404
1,0,540.0,400.0,27.055193424224854
1,0,540.0,400.0,27.070865392684937
1,0,540.0,400.0,27.087934970855713
1,0,540.0,400.0,27.103251457214355
1,0,540.0,400.0,27.121004581451416
1,0,540.0,400.0,27.13722562789917
1,0,540.0,400.0,27.15418791770935
1,0,540.0,400.0,27.169978141784668
1,0,540.0,400.0,27.186004400253296
1,0,540.0,400.0,27.202672719955444
1,0,540.0,400.0,27.220096826553345
1,0,540.0,400.0,27.236236810684204
1,0,540.0,400.0,27.252195358276367
1,0,540.0,400.0,27.268855333328247
1,0,540.0,400.0,27.285942554473877
1,0,540.0,400.0,27.30207061767578
1,0,540.0,400.0,27.31913995742798
1,0,540.0,400.0,27.335957527160645
1,0,540.0,400.0,27.352065563201904
1,0,540.0,400.0,27.36839270591736
1,0,540.0,400.0,27.38403820991516
1,0,540.0,400.0,27.40113878250122
1,0,540.0,400.0,27.417184352874756
1,0,540.0,400.0,27.4330632686615
1,0,540.0,400.0,27.449259519577026
1,0,540.0,400.0,27.465022563934326
1,0,540.0,400.0,27.483935117721558
1,0,540.0,400.0,27.49983811378479
1,0,540.0,400.0,27.516069173812866
1,0,540.0,400.0,27.53285050392151
1,0,540.0,400.0,27.550113916397095
1,0,540.0,400.0,27.566095113754272
1,0,540.0,400.0,27.582630395889282
1,0,540.0,400.0,27.599555730819702
1,0,540.0,400.0,27.616657257080078
1,0,540.0,400.0,27.6309814453125
1,0,540.0,400.0,27.64691138267517
1,0,540.0,400.0,27.662744998931885
1,0,540.0,400.0,27.68071460723877
1,0,540.0,400.0,27.697636604309082
1,0,540.0,400.0,27.714117527008057
1,0,540.0,400.0,27.731672048568726
1,0,540.0,400.0,27.74743938446045
1,0,540.0,400.0,27.763575077056885
1,0,540.0,400.0,27.781160354614258
1,0,540.0,400.0,27.79643225669861
1,0,540.0,400.0,27.813961267471313
1,0,540.0,400.0,27.828949451446533
1,0,540.0,400.0,27.845336437225342
1,0,540.0,400.0,27.861143827438354
1,0,540.0,400.0,27.87715721130371
1,0,540.0,400.0,27.89299750328064
1,0,540.0,400.0,27.908801317214966
1,0,540.0,400.0,27.926079511642456
1,0,540.0,400.0,27.941908836364746
1,0,540.0,400.0,27.9584858417511
1,0,540.0,400.0,27.974169969558716
1,0,540.0,400.0,27.99005365371704
1,0,540.0,400.0,28.006516218185425
1,0,540.0,400.0,28.022305727005005
1,0,540.0,400.0,28.03872323036194
1,0,540.0,400.0,28.056121110916138
1,0,540.0,400.0,28.07228136062622
1,0,540.0,400.0,28.087690830230713
1,0,540.0,400.0,28.10414743423462
1,0,540.0,400.0,28.119701862335205
1,0,540.0,400.0,28.137089729309082
1,0,540.0,400.0,28.153146743774414
1,0,540.0,400.0,28.16972827911377
1,0,540.0,400.0,28.18752145767212
1,0,540.0,400.0,28.203561782836914
1,0,540.0,400.0,28.222216367721558
1,0,540.0,400.0,28.238085746765137
1,0,540.0,400.0,28.256349086761475
1,0,540.0,400.0,28.272214651107788
1,0,540.0,400.0,28.288707733154297
1,0,540.0,400.0,28.306315183639526
1,0,540.0,400.0,28.32189702987671
1,0,540.0,400.0,28.338520765304565
1,0,540.0,400.0,28.354263067245483
1,0,540.0,400.0,28.370904684066772
1,0,540.0,400.0,28.3881356716156
1,0,540.0,400.0,28.40573525428772
1,0,540.0,400.0,28.42191219329834
1,0,540.0,400.0,28.438806772232056
1,0,540.0,400.0,28.456128358840942
1,0,540.0,400.0,28.47207021713257
1,0,540.0,400.0,28.488628149032593
1,0,540.0,400.0,28.506119966506958
1,0,540.0,400.0,28.522199153900146
1,0,540.0,400.0,28.538127183914185
1,0,540.0,400.0,28.555699825286865
1,0,540.0,400.0,28.57118582725525
1,0,540.0,400.0,28.58802819252014
1,0,540.0,400.0,28.603482246398926
1,0,540.0,400.0,28.61932373046875
1,0,540.0,400.0,28.63603186607361
1,0,540.0,400.0,28.651931762695312
1,0,540.0,400.0,28.668378591537476
1,0,540.0,400.0,28.684199810028076
1,0,540.0,400.0,28.700852632522583
1,0,540.0,400.0,28.717854738235474
1,0,540.0,400.0,28.735202074050903
1,0,540.0,400.0,28.752260446548462
1,0,540.0,400.0,28.768852472305298
1,0,540.0,400.0,28.785397052764893
1,0,540.0,400.0,28.801833868026733
1,0,540.0,400.0,28.818860054016113
1,0,540.0,400.0,28.835602283477783
1,0,540.0,400.0,28.85155940055847
1,0,540.0,400.0,28.867741584777832
1,0,540.0,400.0,28.886364936828613
1,0,540.0,400.0,28.90166211128235
1,0,540.0,400.0,28.918023824691772
1,0,540.0,400.0,28.935458183288574
1,0,540.0,400.0,28.951584100723267
1,0,540.0,400.0,28.967377185821533
1,0,540.0,400.0,28.983593702316284
1,0,540.0,400.0,29.002254486083984
1,0,540.0,400.0,29.018572092056274
1,0,540.0,400.0,29.03305149078369
1,0,540.0,400.0,29.051363945007324
1,0,540.0,400.0,29.067115545272827
1,0,540.0,400.0,29.084034204483032
1,0,540.0,400.0,29.099528789520264
1,0,540.0,400.0,29.115304231643677
1,0,540.0,400.0,29.132530212402344
1,0,540.0,400.0,29.146884202957153
1,0,540.0,400.0,29.163697242736816
1,0,540.0,400.0,29.18065619468689
1,0,540.0,400.0,29.197229862213135
1,0,540.0,400.0,29.21317458152771
1,0,540.0,400.0,29.228888034820557
1,0,540.0,400.0,29.245887994766235
1,0,540.0,400.0,29.262240648269653
1,0,540.0,400.0,29.277908086776733
1,0,540.0,400.0,29.29564666748047
1,0,540.0,400.0,29.31217622756958
1,0,540.0,400.0,29.32877516746521
1,0,540.0,400.0,29.346134901046753
1,0,540.0,400.0,29.36213970184326
1,0,540.0,400.0,29.378674507141113
1,0,540.0,400.0,29.395525455474854
1,0,540.0,400.0,29.412235021591187
1,0,540.0,400.0,29.428189516067505
1,0,540.0,400.0,29.44523596763611
1,0,540.0,400.0,29.462136268615723
1,0,540.0,400.0,29.477862119674683
1,0,540.0,400.0,29.495468139648438
1,0,540.0,400.0,29.511300325393677
1,0,540.0,400.0,29.526912689208984
1,0,540.0,400.0,29.54525351524353
1,0,540.0,400.0,29.560926914215088
1,0,540.0,400.0,29.577491521835327
1,0,540.0,400.0,29.59374713897705
1,0,540.0,400.0,29.60913372039795
1,0,540.0,400.0,29.626105785369873
1,0,540.0,400.0,29.641915559768677
1,0,540.0,400.0,29.659087419509888
1,0,540.0,400.0,29.676087141036987
1,0,540.0,400.0,29.69191002845764
1,0,540.0,400.0,29.70884919166565
1,0,540.0,400.0,29.72571587562561
1,0,540.0,400.0,29.742525339126587
1,0,540.0,400.0,29.75815439224243
1,0,540.0,400.0,29.775256633758545
1,0,540.0,400.0,29.792498111724854
1,0,540.0,400.0,29.809296131134033
1,0,540.0,400.0,29.82535696029663
1,0,540.0,400.0,29.841695547103882
1,0,540.0,400.0,29.85916829109192
1,0,540.0,400.0,29.87606143951416
1,0,540.0,400.0,29.89181685447693
1,0,540.0,400.0,29.908517122268677
1,0,540.0,400.0,29.924413442611694
1,0,540.0,400.0,29.940106868743896
1,0,540.0,400.0,29.956220149993896
1,0,540.0,400.0,29.972100734710693
1,0,540.0,400.0,29.98871350288391
1,0,540.0,400.0,31.008628129959106
1,0,540.0,400.0,31.010640144348145
1,0,540.0,400.0,31.026829957962036
1,0,540.0,400.0,31.043641567230225
1,0,540.0,400.0,31.0601966381073
1,0,540.0,400.0,31.076064825057983
1,0,540.0,400.0,31.092222452163696
1,0,540.0,400.0,31.108397960662842
1,0,540.0,400.0,31.124184131622314
1,0,540.0,400.0,31.139809608459473
1,0,540.0,400.0,31.156367301940918
1,0,540.0,400.0,31.172202825546265
1,0,540.0,400.0,31.188446044921875
1,0,540.0,400.0,31.205597639083862
1,0,540.0,400.0,31.221612453460693
1,0,540.0,400.0,31.238386631011963
1,0,540.0,400.0,31.254276037216187
1,0,540.0,400.0,31.269965648651123
1,0,540.0,400.0,31.28747272491455
1,0,540.0,400.0,31.303125858306885
1,0,540.0,400.0,31.31912326812744
1,0,540.0,400.0,31.335979461669922
1,0,540.0,400.0,31.351898431777954
1,0,540.0,400.0,31.368796825408936
1,0,540.0,400.0,31.385623455047607
1,0,540.0,400.0,31.40212345123291
1,0,540.0,400.0,31.417933225631714
1,0,540.0,400.0,31.434168815612793
1,0,540.0,400.0,31.453755378723145
1,0,540.0,400.0,31.4698965549469
1,0,540.0,400.0,31.487462759017944
1,0,540.0,400.0,31.503464937210083
1,0,540.0,400.0,31.520145177841187
1,0,540.0,400.0,31.537031412124634
1,0,540.0,400.0,31.55427598953247
1,0,540.0,400.0,31.570832014083862
1,0,540.0,400.0,31.58809781074524
1,0,540.0,400.0,31.605255603790283
1,0,540.0,400.0,31.621966123580933
1,0,540.0,400.0,31.638569831848145
1,0,540.0,400.0,31.65444588661194
1,0,540.0,400.0,31.67125678062439
1,0,540.0,400.0,31.687337398529053
1,0,540.0,400.0,31.70349907875061
1,0,540.0,400.0,31.719769716262817
1,0,540.0,400.0,31.736370086669922
1,0,540.0,400.0,31.752487659454346
1,0,540.0,400.0,31.769328117370605
1,0,540.0,400.0,31.78551149368286
1,0,540.0,400.0,31.80239462852478
1,0,540.0,400.0,31.81813073158264
1,0,540.0,400.0,31.834123134613037
1,0,540.0,400.0,31.85111117362976
1,0,540.0,400.0,31.867039680480957
1,0,540.0,400.0,31.8844211101532
1,0,540.0,400.0,31.90112543106079
1,0,540.0,400.0,31.917844533920288
1,0,540.0,400.0,31.935187578201294
1,0,540.0,400.0,31.95105743408203
1,0,540.0,400.0,31.96782422065735
1,0,540.0,400.0,31.985134840011597
1,0,540.0,400.0,32.0013153553009
1,0,540.0,400.0,32.01778960227966
1,0,540.0,400.0,32.03509783744812
1,0,540.0,400.0,32.05111479759216
1,0,540.0,400.0,32.067028760910034
1,0,540.0,400.0,32.08312654495239
1,0,540.0,400.0,32.09891104698181
1,0,540.0,400.0,32.11614751815796
1,0,540.0,400.0,32.13275742530823
1,0,540.0,400.0,32.1492874622345
1,0,540.0,400.0,32.16546940803528
1,0,540.0,400.0,32.18161082267761
1,0,540.0,400.0,32.19728183746338
1,0,540.0,400.0,32.212799072265625
1,0,540.0,400.0,32.22969913482666
1,0,540.0,400.0,32.24721384048462
1,0,540.0,400.0,32.263710737228394
1,0,540.0,400.0,32.28059434890747
1,0,540.0,400.0,32.29714250564575
1,0,540.0,400.0,32.314428091049194
1,0,540.0,400.0,32.33015203475952
1,0,540.0,400.0,32.34765315055847
1,0,540.0,400.0,32.36531686782837
1,0,540.0,400.0,32.38100862503052
1,0,540.0,400.0,32.397643089294434
1,0,540.0,400.0,32.413190841674805
1,0,540.0,400.0,32.43059253692627
1,0,540.0,400.0,32.44728183746338
1,0,540.0,400.0,32.46291780471802
1,0,540.0,400.0,32.479435443878174
